{
  "nome": "Bolo de Chocolate",
  "ingredientes": [
    {
      "quantidade": "2 xícaras",
      "ingrediente": "farinha de trigo"
    },
    {
      "quantidade": "1 e 1/2 xícaras",
      "ingrediente": "açúcar"
    },
    {
      "quantidade": "1 xícara",
      "ingrediente": "chocolate em pó"
    },
    {
      "quantidade": "1 colher de sopa",
      "ingrediente": "fermento em pó"
    },
    {
      "quantidade": "1/2 xícara",
      "ingrediente": "óleo"
    },
    {
      "quantidade": "3 unidades",
      "ingrediente": "ovos"
    },
    {
      "quantidade": "1 xícara",
      "ingrediente": "leite"
    }
  ],
  "modo_de_preparo": [
    "Pré-aqueça o forno a 180°C.",
    "Em uma tigela, misture a farinha de trigo, o açúcar, o chocolate em pó e o fermento.",
    "Adicione o óleo, os ovos e o leite, e misture bem até formar uma massa homogênea.",
    "Despeje a massa em uma forma untada e enfarinhada.",
    "Asse no forno por aproximadamente 40 minutos ou até que o bolo esteja completamente assado.",
    "Retire do forno e deixe esfriar antes de servir."
  ],
  "tempo_de_preparo": "50 minutos",
  "rendimento": "10 porções"
}
